    [
    {
      "title": "Garlic Soup That Cures What Ails You (Aka Hangover Soup)",
      "href": "http://www.recipezaar.com/Garlic-Soup-That-Cures-What-Ails-You-Aka-Hangover-Soup-150699",
      "ingredients": "avocado, thyme, sage, egg yolks, parsley, garlic bread, garlic, pasta, parsley, black pepper, cheddar cheese, tomato juice, vegetable broth, cloves",
      "thumbnail": "http://img.recipepuppy.com/647644.jpg"
    },
    {
      "title": "Can't Be Korean Soon to Be Soup (A Play on Sundubu Soup)",
      "href": "http://www.recipezaar.com/Cant-Be-Korean-Soon-to-Be-Soup-A-Play-on-Sundubu-Soup-332638",
      "ingredients": "spinach, black pepper, eggs, garlic, green onion, meatballs, pickle, chili powder, salt, vegetable oil, sesame seed, mushroom, silken tofu, sugar, water",
      "thumbnail": "http://img.recipepuppy.com/278238.jpg"
    },
    {
      "title": "New England Soup Factory's Creamy Wild Mushroom Soup",
      "href": "http://www.recipezaar.com/New-England-Soup-Factorys-Creamy-Wild-Mushroom-Soup-95509",
      "ingredients": "celery, chicken broth, black pepper, thyme, garlic, kosher salt, cream, mushroom, portabella mushrooms, potato, butter, sherry, mushroom, spanish onions, worcestershire sauce",
      "thumbnail": "http://img.recipepuppy.com/345562.jpg"
    },
    {
      "title": "Great Soup Low Fat Soup",
      "href": "http://www.recipezaar.com/Great-Soup-Low-Fat-Soup-356070",
      "ingredients": "garlic, great northern beans, soup, corn, tomato, onions, pinto beans, tomato, sazon goya, turkey",
      "thumbnail": ""
    },
    {
      "title": "Soup: North Woods Bean Soup",
      "href": "http://www.bigoven.com/168538-Soup%3A-North-Woods-Bean-Soup-recipe.html",
      "ingredients": "baby carrot, onions, garlic, kielbasa, chicken broth, italian seasoning, black pepper, great northern beans, spinach",
      "thumbnail": "http://img.recipepuppy.com/540519.jpg"
    },
    {
      "title": "Garlic Soup Gratin&eacute; (Cream of Garlic Soup)",
      "href": "http://www.recipezaar.com/Garlic-Soup-Gratineacute-Cream-of-Garlic-Soup-245048",
      "ingredients": "bacon, bay leaf, chicken broth, chives, thyme, garlic, garlic, half and half, leek, onions, salt, swiss cheese, water, white pepper, wheat bread",
      "thumbnail": "http://img.recipepuppy.com/647409.jpg"
    },
    {
      "title": "Cabbage Soup Diet Cabbage Soup",
      "href": "http://www.bigoven.com/171078-Cabbage-Soup-Diet-Cabbage-Soup-recipe.html",
      "ingredients": "cabbage, carrot, onions, celery, shallot, onion soup mix, balsamic vinegar, garlic, lemon, tomato, salt",
      "thumbnail": "http://img.recipepuppy.com/519567.jpg"
    },
    {
      "title": "Masoor Dahl Soup (Lentil Soup)",
      "href": "http://www.bigoven.com/110218-Masoor-Dahl-Soup-(Lentil-Soup)-recipe.html",
      "ingredients": "turmeric, garlic, peppercorn, lentils, salt, lemon juice",
      "thumbnail": ""
    },
    {
      "title": "New England Soup Factory's Sweet Potato Chicken Barley Soup",
      "href": "http://www.recipezaar.com/New-England-Soup-Factorys-Sweet-Potato-Chicken-Barley-Soup-95409",
      "ingredients": "carrot, celery, chicken, chicken broth, dill weed, black pepper, garlic, kosher salt, olive oil, parsnip, barley, spanish onions, sweet potato",
      "thumbnail": ""
    },
    {
      "title": "Gold Soup",
      "href": "http://www.recipezaar.com/Gold-Soup-235536",
      "ingredients": "pumpkin puree, carrot, garlic, onions, parsley, black pepper, red lentils, vegetable broth, water",
      "thumbnail": "http://img.recipepuppy.com/673801.jpg"
    }
  ]